rid,PrimaryKey,DBKey,ProjectKey,Species,AH_SpeciesCover,AH_SpeciesCover_n,Hgt_Species_Avg,Hgt_Species_Avg_n,Duration,GrowthHabit,GrowthHabitSub,SpeciesKey,DateLoadedInDb
228158,"17101012114127892017-09-01","NM_RioPuercoFO_LUP_ 2017_5-3b_01.mdb","BLM-AIM","ELEL5",1.333333,2,"","","Perennial","NonWoody","Graminoid","","2022-05-21T00:00:00.000Z"
228159,"17101012114127892017-09-01","NM_RioPuercoFO_LUP_ 2017_5-3b_01.mdb","BLM-AIM","ARTR2",2.666667,4,29,1,"Perennial","Woody","Shrub","","2022-05-21T00:00:00.000Z"
228160,"17101012114127892017-09-01","NM_RioPuercoFO_LUP_ 2017_5-3b_01.mdb","BLM-AIM","GUSA2",3.333333,5,27.5,2,"Perennial","Woody","SubShrub","","2022-05-21T00:00:00.000Z"
228161,"17101012114127892017-09-01","NM_RioPuercoFO_LUP_ 2017_5-3b_01.mdb","BLM-AIM","PIED",24.66667,37,200.375,8,"Perennial","Woody","Tree","","2022-05-21T00:00:00.000Z"
228162,"17101012114127892017-09-01","NM_RioPuercoFO_LUP_ 2017_5-3b_01.mdb","BLM-AIM","CHDE2",1.333333,2,15,1,"Perennial","Woody","SubShrub","","2022-05-21T00:00:00.000Z"
228163,"17101012114127892017-09-01","NM_RioPuercoFO_LUP_ 2017_5-3b_01.mdb","BLM-AIM","SPCO",2,3,"","","Perennial","NonWoody","Forb","","2022-05-21T00:00:00.000Z"
228164,"17101012114127892017-09-01","NM_RioPuercoFO_LUP_ 2017_5-3b_01.mdb","BLM-AIM","BOGR2",41.33333,62,28.523809999999997,21,"Perennial","NonWoody","Graminoid","","2022-05-21T00:00:00.000Z"
228165,"17101012114127892017-09-01","NM_RioPuercoFO_LUP_ 2017_5-3b_01.mdb","BLM-AIM","HYFI",0.6666667,1,3,1,"Perennial","NonWoody","Forb","","2022-05-21T00:00:00.000Z"
228166,"17101012114127892017-09-01","NM_RioPuercoFO_LUP_ 2017_5-3b_01.mdb","BLM-AIM","JUMO",3.333333,5,"","","Perennial","Woody","Tree","","2022-05-21T00:00:00.000Z"
228167,"17101012114127892017-09-01","NM_RioPuercoFO_LUP_ 2017_5-3b_01.mdb","BLM-AIM","OPPH",0.6666667,1,"","","Perennial","Woody","Succulent","","2022-05-21T00:00:00.000Z"
228168,"17101012114127892017-09-01","NM_RioPuercoFO_LUP_ 2017_5-3b_01.mdb","BLM-AIM","HYRI",0.6666667,1,"","","Perennial","NonWoody","Forb","","2022-05-21T00:00:00.000Z"
228169,"17101012114127892017-09-01","NM_RioPuercoFO_LUP_ 2017_5-3b_01.mdb","BLM-AIM","ARFR3",2.666667,4,"","","Perennial","NonWoody","Forb","","2022-05-21T00:00:00.000Z"
228170,"17101012114127892017-09-01","NM_RioPuercoFO_LUP_ 2017_5-3b_01.mdb","BLM-AIM","BOPU3",0.6666667,1,28,1,"Perennial","NonWoody","Forb","","2022-05-21T00:00:00.000Z"
228171,"17101012114127892017-09-01","NM_RioPuercoFO_LUP_ 2017_5-3b_01.mdb","BLM-AIM","ERDI5",2.666667,4,28,2,"Annual","NonWoody","Forb","","2022-05-21T00:00:00.000Z"
228172,"17101012114127892017-09-01","NM_RioPuercoFO_LUP_ 2017_5-3b_01.mdb","BLM-AIM","ERNA10","","",26,1,"Perennial","Woody","Shrub","","2022-05-21T00:00:00.000Z"
228173,"17101012114127892017-09-01","NM_RioPuercoFO_LUP_ 2017_5-3b_01.mdb","BLM-AIM","ARPU9","","","","","Annual","NonWoody","Graminoid","","2022-05-21T00:00:00.000Z"
228174,"17101012114127892017-09-01","NM_RioPuercoFO_LUP_ 2017_5-3b_01.mdb","BLM-AIM","CHER2","","","","","Perennial","NonWoody","Forb","","2022-05-21T00:00:00.000Z"
228175,"17101012114127892017-09-01","NM_RioPuercoFO_LUP_ 2017_5-3b_01.mdb","BLM-AIM","CRPA21","","","","","Perennial","Woody","SubShrub","","2022-05-21T00:00:00.000Z"
228176,"17101012114127892017-09-01","NM_RioPuercoFO_LUP_ 2017_5-3b_01.mdb","BLM-AIM","DEPI","","","","","Annual","NonWoody","Forb","","2022-05-21T00:00:00.000Z"
228177,"17101012114127892017-09-01","NM_RioPuercoFO_LUP_ 2017_5-3b_01.mdb","BLM-AIM","ELSM3","","","","","Perennial","NonWoody","Graminoid","","2022-05-21T00:00:00.000Z"
228178,"17101012114127892017-09-01","NM_RioPuercoFO_LUP_ 2017_5-3b_01.mdb","BLM-AIM","ERAN4","","","","","Annual","NonWoody","Forb","","2022-05-21T00:00:00.000Z"
228179,"17101012114127892017-09-01","NM_RioPuercoFO_LUP_ 2017_5-3b_01.mdb","BLM-AIM","ERJA","","","","","Perennial","NonWoody","Forb","","2022-05-21T00:00:00.000Z"
228180,"17101012114127892017-09-01","NM_RioPuercoFO_LUP_ 2017_5-3b_01.mdb","BLM-AIM","ERRA3","","","","","Perennial","NonWoody","Forb","","2022-05-21T00:00:00.000Z"
228181,"17101012114127892017-09-01","NM_RioPuercoFO_LUP_ 2017_5-3b_01.mdb","BLM-AIM","JUSC2","","","","","Perennial","Woody","Tree","","2022-05-21T00:00:00.000Z"
228182,"17101012114127892017-09-01","NM_RioPuercoFO_LUP_ 2017_5-3b_01.mdb","BLM-AIM","HEVI4","","","","","Perennial","NonWoody","Forb","","2022-05-21T00:00:00.000Z"
228183,"17101012114127892017-09-01","NM_RioPuercoFO_LUP_ 2017_5-3b_01.mdb","BLM-AIM","PESE7","","","","","Annual","NonWoody","Forb","","2022-05-21T00:00:00.000Z"
228184,"17101012114127892017-09-01","NM_RioPuercoFO_LUP_ 2017_5-3b_01.mdb","BLM-AIM","PF40","","","","","Perennial","NonWoody","Forb","","2022-05-21T00:00:00.000Z"
228185,"17101012114127892017-09-01","NM_RioPuercoFO_LUP_ 2017_5-3b_01.mdb","BLM-AIM","PLPA2","","","","","Annual","NonWoody","Forb","","2022-05-21T00:00:00.000Z"
228186,"17101012114127892017-09-01","NM_RioPuercoFO_LUP_ 2017_5-3b_01.mdb","BLM-AIM","LILE3","","","","","Perennial","NonWoody","Forb","","2022-05-21T00:00:00.000Z"
228187,"17101012114127892017-09-01","NM_RioPuercoFO_LUP_ 2017_5-3b_01.mdb","BLM-AIM","MUMO","","","","","Perennial","NonWoody","Graminoid","","2022-05-21T00:00:00.000Z"
228188,"17101012114127892017-09-01","NM_RioPuercoFO_LUP_ 2017_5-3b_01.mdb","BLM-AIM","ARFU3","","","","","Perennial","NonWoody","Forb","","2022-05-21T00:00:00.000Z"
228189,"17101012114127892017-09-01","NM_RioPuercoFO_LUP_ 2017_5-3b_01.mdb","BLM-AIM","BOST4","","","","","Perennial","NonWoody","Forb","","2022-05-21T00:00:00.000Z"